{
  "overall": {
    "roc_auc": 0.8146289287477373,
    "avg_precision": 0.5538441516323358
  },
  "gender": {
    "selection_rate": {
      "Female": 0.050359712230215826,
      "Male": 0.06550218340611354
    },
    "tpr": {
      "Female": 0.3,
      "Male": 0.23076923076923078
    },
    "fpr": {
      "Female": 0.008403361344537815,
      "Male": 0.031578947368421054
    }
  },
  "age_band": {
    "selection_rate": {
      "30-39": 0.03225806451612903,
      "40-49": 0.03409090909090909,
      "50+": 0.0,
      "<=29": 0.17073170731707318
    },
    "tpr": {
      "30-39": 0.16666666666666666,
      "40-49": 0.2,
      "50+": 0.0,
      "<=29": 0.45454545454545453
    },
    "fpr": {
      "30-39": 0.014598540145985401,
      "40-49": 0.01282051282051282,
      "50+": 0.0,
      "<=29": 0.06666666666666667
    }
  }
}